block,prob,sub_resp,sub_acc,corr_resp,resp_time
0,"[('1+1=', 2), ('1+1=', 2), ('4-1=', 3), ('1+1=', 2)]","['2', 0, '3', '2']","[1, 2, 1, 1]","[2, 2, 3, 2]","[0.9170831660158001, 0, 1.3867057369789109, 0.8522948669851758]"
1,"[('3-2=', 1), ('1+1=', 2), ('3-2=', 1), ('1+1=', 2)]","['1', '2', '1', '2']","[1, 1, 1, 1]","[1, 2, 1, 2]","[0.8864642230328172, 1.0038130389875732, 0.9359143010224216, 0.8192103849723935]"
